file,genre,mode,n,num_tokens,num_types,entropy_bits,sum_c_log2c,sum_c_sqrt,sum_c2,c_max
bosnian_corpus_ads_promo.txt,bosnian_corpus_ads_promo,words,1,14708079,408690,12.661738227584733,163971066.48848808,1072494.0543818786,1020316439527.0,651146
bosnian_corpus_ads_promo.txt,bosnian_corpus_ads_promo,words,2,14708078,5445830,19.982459413176095,56297315.683495596,6960267.498623229,7745663028.0,24040
bosnian_corpus_ads_promo.txt,bosnian_corpus_ads_promo,words,3,14708077,10973844,22.730858248043802,15873648.72321017,11898029.636965407,526263909.0,5232
bosnian_corpus_ads_promo.txt,bosnian_corpus_ads_promo,words,4,14708076,13277192,23.47323800328825,4954668.340271322,13699791.303904807,84529882.0,3138
bosnian_corpus_ads_promo.txt,bosnian_corpus_ads_promo,words,5,14708075,14026723,23.670224645020404,2057372.260114409,14249077.921711054,28957957.0,880
bosnian_corpus_forum_chat.txt,bosnian_corpus_forum_chat,words,1,17338522,596122,12.096408104597888,207213881.14988065,1311131.0020836347,1554980530402.0,645850
bosnian_corpus_forum_chat.txt,bosnian_corpus_forum_chat,words,2,17338521,6605465,19.87511583166514,72342580.4774983,8171809.875675707,17994732991.0,53515
bosnian_corpus_forum_chat.txt,bosnian_corpus_forum_chat,words,3,17338520,13439015,23.059641873671353,17127606.392596185,14361639.7147257,508567644.0,5903
bosnian_corpus_forum_chat.txt,bosnian_corpus_forum_chat,words,4,17338519,16334998,23.853764013317594,3358702.1554885865,16638372.643397788,70004489.0,3219
bosnian_corpus_forum_chat.txt,bosnian_corpus_forum_chat,words,5,17338518,17024516,23.992684041936045,950033.1023186787,17129096.56514986,35465596.0,3219
bosnian_corpus_info_howto.txt,bosnian_corpus_info_howto,words,1,14869610,561013,12.825500344322114,163571109.58338523,1298366.8838739123,1154015292000.0,612719
bosnian_corpus_info_howto.txt,bosnian_corpus_info_howto,words,2,14869609,6125463,20.193528412097496,54011400.67148172,7568778.780459857,10796434183.0,39106
bosnian_corpus_info_howto.txt,bosnian_corpus_info_howto,words,3,14869608,11580261,22.873169927674468,14166176.679296257,12387947.637077749,525036364.0,6261
bosnian_corpus_info_howto.txt,bosnian_corpus_info_howto,words,4,14869607,13727382,23.559279762848238,3963990.676039182,14065093.580811244,93251181.0,3810
bosnian_corpus_info_howto.txt,bosnian_corpus_info_howto,words,5,14869606,14362074,23.721855910232232,1546545.7101628254,14526925.037964221,28710374.0,1567
bosnian_corpus_legal_admin.txt,bosnian_corpus_legal_admin,words,1,14506213,223365,11.464945515783432,178792296.85500467,688495.8674070037,1197982252515.0,568612
bosnian_corpus_legal_admin.txt,bosnian_corpus_legal_admin,words,2,14506212,2851150,17.87668556125584,85782222.69857529,4301315.675623797,33382005922.0,87608
bosnian_corpus_legal_admin.txt,bosnian_corpus_legal_admin,words,3,14506211,6693886,20.8635426276063,42454236.511077486,8232330.601003269,7955992295.0,38875
bosnian_corpus_legal_admin.txt,bosnian_corpus_legal_admin,words,4,14506210,9295726,22.141909344752975,23909976.085817553,10534979.308140928,2813353452.0,33053
bosnian_corpus_legal_admin.txt,bosnian_corpus_legal_admin,words,5,14506209,10796810,22.748381505959863,15112361.071715763,11775822.199949766,884993737.0,16769
bosnian_corpus_literature.txt,bosnian_corpus_literature,words,1,17764879,476454,11.821176530079128,217821363.53226736,1142539.3146088119,1572827677075.0,596428
bosnian_corpus_literature.txt,bosnian_corpus_literature,words,2,17764878,5756660,19.60071311433633,79618831.51235844,7535398.718089422,16317600006.0,42008
bosnian_corpus_literature.txt,bosnian_corpus_literature,words,3,17764877,12076792,22.83910840078006,22089131.64679963,13591037.068617688,708892677.0,17720
bosnian_corpus_literature.txt,bosnian_corpus_literature,words,4,17764876,14905450,23.6411231272938,7841436.793998098,15893342.602405146,108132374.0,2644
bosnian_corpus_literature.txt,bosnian_corpus_literature,words,5,17764875,15694353,23.79590799354126,5091701.109124026,16461271.705130192,79330453.0,2644
bosnian_corpus_mix.txt,bosnian_corpus_mix,words,1,15469180,516879,12.59395288692173,174630652.61646885,1234079.852801266,1202484685822.0,625621
bosnian_corpus_mix.txt,bosnian_corpus_mix,words,2,15469179,6130646,20.096474385258386,58572791.875715464,7625710.563215849,11126651187.0,38360
bosnian_corpus_mix.txt,bosnian_corpus_mix,words,3,15469178,11991333,22.924897677675876,14819403.276849335,12844725.034807915,459369790.0,7647
bosnian_corpus_mix.txt,bosnian_corpus_mix,words,4,15469177,14336687,23.633107212733123,3863982.2252705884,14673463.912266888,74921459.0,4109
bosnian_corpus_mix.txt,bosnian_corpus_mix,words,5,15469176,14983826,23.786813971549343,1486263.6282720636,15140157.635245211,25318608.0,780
bosnian_corpus_news.txt,bosnian_corpus_news,words,1,15620413,508230,12.512379577719743,177831367.8985526,1218637.7382410194,1324418563591.0,595974
bosnian_corpus_news.txt,bosnian_corpus_news,words,2,15620412,6071701,19.972099592290327,61307455.03906942,7551769.944182932,13439492930.0,46716
bosnian_corpus_news.txt,bosnian_corpus_news,words,3,15620411,12068485,22.904677344499177,15499379.892586425,12915400.321265932,444064003.0,6254
bosnian_corpus_news.txt,bosnian_corpus_news,words,4,15620410,14617632,23.677958633661884,3420406.675589672,14912649.018918399,53380526.0,3177
bosnian_corpus_news.txt,bosnian_corpus_news,words,5,15620409,15334443,23.843298446754808,837729.5094292932,15428578.014812877,19610863.0,570
bosnian_corpus_opinion.txt,bosnian_corpus_opinion,words,1,15635752,530344,12.47084711247001,178677527.1938517,1248365.1502159485,1290385200346.0,645856
bosnian_corpus_opinion.txt,bosnian_corpus_opinion,words,2,15635751,6402588,20.12665818311862,58973158.71995336,7851984.532790292,12194202935.0,43115
bosnian_corpus_opinion.txt,bosnian_corpus_opinion,words,3,15635750,12498976,23.054136561146276,13199833.456325565,13271672.767532205,294828246.0,2822
bosnian_corpus_opinion.txt,bosnian_corpus_opinion,words,4,15635749,14873825,23.747188100933766,2363451.249241249,15114624.283283498,31175167.0,1777
bosnian_corpus_opinion.txt,bosnian_corpus_opinion,words,5,15635748,15419453,23.86314744084435,550338.6383011324,15497964.86936322,17274936.0,334
