file,genre,mode,n,num_tokens,num_types,entropy_bits,sum_c_log2c,sum_c_sqrt,sum_c2,c_max
bosnian_corpus_ads_promo.txt,bosnian_corpus_ads_promo,chars,1,83931904,788,4.475763577205235,1833656311.177363,52165.34240927095,406006730093884.0,9100315
bosnian_corpus_ads_promo.txt,bosnian_corpus_ads_promo,chars,2,83931903,10016,8.275915009066786,1514702346.5234008,240681.5506406005,38225659313045.0,1904882
bosnian_corpus_ads_promo.txt,bosnian_corpus_ads_promo,chars,3,83931902,102681,11.728496441685378,1224920600.5843415,949520.1398130473,4905777848956.0,460988
bosnian_corpus_ads_promo.txt,bosnian_corpus_ads_promo,chars,4,83931901,710886,14.70578822700007,975030825.1742811,3065674.681073762,915890969337.0,172758
bosnian_corpus_ads_promo.txt,bosnian_corpus_ads_promo,chars,5,83931900,2880609,17.187598681507634,766727745.2279751,7707902.210163398,270852616380.0,69872
bosnian_corpus_ads_promo.txt,bosnian_corpus_ads_promo,chars,6,83931899,7834493,19.232589315002624,595087787.3437148,15313286.883123841,116044617811.0,47373
bosnian_corpus_ads_promo.txt,bosnian_corpus_ads_promo,chars,7,83931898,15649894,20.883196910698345,456549150.4509352,24860859.810018066,58658129794.0,45137
bosnian_corpus_ads_promo.txt,bosnian_corpus_ads_promo,chars,8,83931897,24883187,22.182806219004135,347470468.963758,34648537.50882969,30716906461.0,39121
bosnian_corpus_forum_chat.txt,bosnian_corpus_forum_chat,chars,1,82520445,536,4.449443663607816,1802973078.452866,50741.10127929434,401107704618533.0,9662272
bosnian_corpus_forum_chat.txt,bosnian_corpus_forum_chat,chars,2,82520444,8232,8.229023519919522,1491080447.2850688,231829.307470824,37996584023118.0,1996974
bosnian_corpus_forum_chat.txt,bosnian_corpus_forum_chat,chars,3,82520443,95167,11.73801804537481,1201516645.0480037,926959.4620304712,4771682731361.0,511652
bosnian_corpus_forum_chat.txt,bosnian_corpus_forum_chat,chars,4,82520442,702356,14.906286898050988,940069682.9474071,3130004.680558371,759901575518.0,121085
bosnian_corpus_forum_chat.txt,bosnian_corpus_forum_chat,chars,5,82520441,3182921,17.70351133604862,709241475.9132096,8484908.675943993,173555195081.0,55875
bosnian_corpus_forum_chat.txt,bosnian_corpus_forum_chat,chars,6,82520440,9763486,20.098005903817608,511646720.5658707,18246697.061438795,53545989456.0,38741
bosnian_corpus_forum_chat.txt,bosnian_corpus_forum_chat,chars,7,82520439,21172249,22.027987052798608,352383821.2472967,31301182.018784825,20718931589.0,29900
bosnian_corpus_forum_chat.txt,bosnian_corpus_forum_chat,chars,8,82520438,34828145,23.463211512128158,233948464.52215293,44581216.71846574,9152285620.0,24668
bosnian_corpus_info_howto.txt,bosnian_corpus_info_howto,chars,1,83418808,948,4.492502124411317,1820312443.8416007,53128.57027366325,398326485940860.0,9094947
bosnian_corpus_info_howto.txt,bosnian_corpus_info_howto,chars,2,83418807,11752,8.278440903490864,1504493924.2516859,244637.9795863802,38355597114323.0,2140376
bosnian_corpus_info_howto.txt,bosnian_corpus_info_howto,chars,3,83418806,111372,11.74597004494948,1215236764.0228794,957631.4188057829,4881272916542.0,511516
bosnian_corpus_info_howto.txt,bosnian_corpus_info_howto,chars,4,83418805,726485,14.794921391697407,960896870.1634325,3117466.733750346,868501177335.0,157082
bosnian_corpus_info_howto.txt,bosnian_corpus_info_howto,chars,5,83418804,3034334,17.393179508599943,744153272.606488,8056409.456982012,237928255326.0,87833
bosnian_corpus_info_howto.txt,bosnian_corpus_info_howto,chars,6,83418803,8606342,19.559282086413702,563459578.0266651,16462899.598203197,92391646277.0,52741
bosnian_corpus_info_howto.txt,bosnian_corpus_info_howto,chars,7,83418802,17641579,21.30083185307862,418181574.67081594,27195835.839933123,45327242836.0,43520
bosnian_corpus_info_howto.txt,bosnian_corpus_info_howto,chars,8,83418801,28272207,22.64272724369677,306242263.66229075,38102385.54711202,25128700889.0,43241
bosnian_corpus_legal_admin.txt,bosnian_corpus_legal_admin,chars,1,83944060,198,4.507663551989719,1831261608.004221,51273.34849917298,398749331689754.0,9337660
bosnian_corpus_legal_admin.txt,bosnian_corpus_legal_admin,chars,2,83944059,5158,8.176891259424746,1523251717.5889034,223724.3883000333,42051688309297.0,1963728
bosnian_corpus_legal_admin.txt,bosnian_corpus_legal_admin,chars,3,83944058,66580,11.33502683886699,1258144981.7476115,799127.3685334553,6390171007538.0,483555
bosnian_corpus_legal_admin.txt,bosnian_corpus_legal_admin,chars,4,83944057,444396,13.8857501630939,1044026901.1968853,2312594.018088185,1601577517743.0,215006
bosnian_corpus_legal_admin.txt,bosnian_corpus_legal_admin,chars,5,83944056,1669198,15.938798985745823,871685641.9775887,5296715.354712013,610440617460.0,105154
bosnian_corpus_legal_admin.txt,bosnian_corpus_legal_admin,chars,6,83944055,4239316,17.623555906908713,730260302.4990395,9834364.805931447,308295571531.0,60963
bosnian_corpus_legal_admin.txt,bosnian_corpus_legal_admin,chars,7,83944054,8108685,19.013313831431375,613598378.093917,15386291.459378557,183196648696.0,59462
bosnian_corpus_legal_admin.txt,bosnian_corpus_legal_admin,chars,8,83944053,12772299,20.16142530349841,517221239.0805082,21275938.57730397,115677972735.0,59423
bosnian_corpus_literature.txt,bosnian_corpus_literature,chars,1,79470520,396,4.4282585024607,1733701681.127186,49487.48292731118,375342960546600.0,9306623
bosnian_corpus_literature.txt,bosnian_corpus_literature,chars,2,79470519,8133,8.181687340124146,1435414720.1101522,223972.6898642915,35914377582083.0,2047371
bosnian_corpus_literature.txt,bosnian_corpus_literature,chars,3,79470518,87082,11.666416368876677,1158481479.6006277,868506.7943921706,4435020280154.0,484948
bosnian_corpus_literature.txt,bosnian_corpus_literature,chars,4,79470517,597106,14.833508384972943,906791023.6746899,2875415.212155058,711295221003.0,104428
bosnian_corpus_literature.txt,bosnian_corpus_literature,chars,5,79470516,2703418,17.662369134297084,681979987.3806509,7804283.6122572385,160773037586.0,60067
bosnian_corpus_literature.txt,bosnian_corpus_literature,chars,6,79470515,8566676,20.108692668115438,487569386.2672439,17040053.267231055,46811330535.0,57764
bosnian_corpus_literature.txt,bosnian_corpus_literature,chars,7,79470514,19186948,22.07762953152894,331096954.1203064,29651531.592631396,14870123132.0,22107
bosnian_corpus_literature.txt,bosnian_corpus_literature,chars,8,79470513,31973060,23.510214105168373,217248717.52831256,42394281.45002101,5659304141.0,11888
bosnian_corpus_mix.txt,bosnian_corpus_mix,chars,1,82889396,629,4.476807620980178,1809299506.796429,52364.07430485901,398723909346540.0,9198030
bosnian_corpus_mix.txt,bosnian_corpus_mix,chars,2,82889395,9770,8.258487882372982,1495838294.5755663,239996.56509642644,37924363756315.0,2067426
bosnian_corpus_mix.txt,bosnian_corpus_mix,chars,3,82889394,103596,11.730338265950707,1208058700.7332497,941830.7270796562,4768285728124.0,501030
bosnian_corpus_mix.txt,bosnian_corpus_mix,chars,4,82889393,709278,14.798306479984872,953756661.7116225,3079477.6208114517,817524474245.0,136000
bosnian_corpus_mix.txt,bosnian_corpus_mix,chars,5,82889392,2996580,17.434372959613768,735254700.9945301,8007788.899895393,209791989872.0,61276
bosnian_corpus_mix.txt,bosnian_corpus_mix,chars,6,82889391,8630568,19.650010919519154,551601809.5084841,16550671.669995947,75505485971.0,33878
bosnian_corpus_mix.txt,bosnian_corpus_mix,chars,7,82889390,18020984,21.438824220774574,403328158.04616773,27679300.48246785,33672105146.0,24156
bosnian_corpus_mix.txt,bosnian_corpus_mix,chars,8,82889389,29244831,22.809849815880558,289684677.8559167,39082727.654516,16791553525.0,23949
bosnian_corpus_news.txt,bosnian_corpus_news,chars,1,83376797,245,4.4324798792831075,1824339575.133175,48907.88314088511,408964351765461.0,9424334
bosnian_corpus_news.txt,bosnian_corpus_news,chars,2,83376796,5460,8.193395141677595,1510766487.2038653,216968.19298618814,39113778670064.0,2131785
bosnian_corpus_news.txt,bosnian_corpus_news,chars,3,83376795,67201,11.644758450785291,1223002856.5474288,840776.1194343459,4927453780077.0,517235
bosnian_corpus_news.txt,bosnian_corpus_news,chars,4,83376794,536863,14.689637455102735,969130590.9384489,2785946.2633395037,846313330196.0,126474
bosnian_corpus_news.txt,bosnian_corpus_news,chars,5,83376793,2562424,17.305229714259802,751050883.508108,7455273.254099271,221800897975.0,70385
bosnian_corpus_news.txt,bosnian_corpus_news,chars,6,83376792,7965566,19.509867405985872,567235254.7990954,15812175.815126454,83170897120.0,41606
bosnian_corpus_news.txt,bosnian_corpus_news,chars,7,83376791,17236574,21.29771065168949,418170613.91533315,26853481.761175394,38455177785.0,22570
bosnian_corpus_news.txt,bosnian_corpus_news,chars,8,83376790,28415524,22.67726121925267,303148109.4911102,38240135.138847195,19414442964.0,21631
bosnian_corpus_opinion.txt,bosnian_corpus_opinion,chars,1,82594820,425,4.441472976196142,1805363769.5708137,50564.27387856507,402205162895952.0,9173094
bosnian_corpus_opinion.txt,bosnian_corpus_opinion,chars,2,82594819,8440,8.20710871676717,1494341743.8576488,229646.22157532297,38496575846137.0,2145273
bosnian_corpus_opinion.txt,bosnian_corpus_opinion,chars,3,82594818,90961,11.666198133215216,1208638863.5252616,893374.8754252334,4859343370458.0,535403
bosnian_corpus_opinion.txt,bosnian_corpus_opinion,chars,4,82594817,634655,14.740414591296373,954724501.6756155,2932528.2982786065,827981078349.0,118857
bosnian_corpus_opinion.txt,bosnian_corpus_opinion,chars,5,82594816,2810545,17.41024241439102,734210550.873604,7766253.435917648,206721724890.0,58767
bosnian_corpus_opinion.txt,bosnian_corpus_opinion,chars,6,82594815,8457596,19.683891661845255,546418901.5732322,16423070.78669701,70115247987.0,30396
bosnian_corpus_opinion.txt,bosnian_corpus_opinion,chars,7,82594814,18262061,21.54228946487255,392924872.6358326,28038740.205101024,28175472356.0,20983
bosnian_corpus_opinion.txt,bosnian_corpus_opinion,chars,8,82594813,30310452,22.975374547224657,274559472.04591745,40188022.21560927,12422334339.0,16135
